{"cameraMode":{"drawMode":0,"name":"Shaded","section":"Shading Mode"},"sceneLighting":false,"audioPlay":false,"sceneViewState":{"showFog":true,"showMaterialUpdate":false,"showSkybox":true,"showFlares":true,"showImageEffects":true,"showParticleSystems":true},"in2DMode":false,"pivot":{"x":0.004999999888241291,"y":0.004999999888241291,"z":0.004999999888241291},"rotation":{"x":0.11217065900564194,"y":-0.08368701487779618,"z":0.00947654340416193,"w":0.990113377571106},"size":0.03429460525512695,"orthographic":false}