{"cameraMode":{"drawMode":0,"name":"Shaded","section":"Shading Mode"},"sceneLighting":true,"audioPlay":false,"sceneViewState":{"showFog":true,"showMaterialUpdate":false,"showSkybox":true,"showFlares":true,"showImageEffects":true,"showParticleSystems":true},"in2DMode":false,"pivot":{"x":-8.15644359588623,"y":-2.795180082321167,"z":8.476037979125977},"rotation":{"x":0.16816674172878266,"y":0.2338036149740219,"z":-0.04112765192985535,"w":0.9567468166351318},"size":4.156838893890381,"orthographic":true}