{"cameraMode":{"drawMode":0,"name":"Shaded","section":"Shading Mode"},"sceneLighting":true,"audioPlay":false,"sceneViewState":{"showFog":true,"showMaterialUpdate":false,"showSkybox":true,"showFlares":true,"showImageEffects":true,"showParticleSystems":true},"in2DMode":false,"pivot":{"x":-3.020125389099121,"y":3.731553554534912,"z":13.990224838256836},"rotation":{"x":-0.04466782510280609,"y":0.019158946350216867,"z":0.0008546605240553618,"w":0.9988178610801697},"size":19.974308013916017,"orthographic":false}