{"cameraMode":{"drawMode":0,"name":"Shaded","section":"Shading Mode"},"sceneLighting":true,"audioPlay":false,"sceneViewState":{"showFog":true,"showMaterialUpdate":false,"showSkybox":true,"showFlares":true,"showImageEffects":true,"showParticleSystems":true},"in2DMode":false,"pivot":{"x":-1.6784210205078126,"y":-3.031338930130005,"z":8.460521697998047},"rotation":{"x":-0.1064247265458107,"y":0.38124513626098635,"z":-0.0442129522562027,"w":-0.9172629117965698},"size":11.955024719238282,"orthographic":true}