{"cameraMode":{"drawMode":0,"name":"Shaded","section":"Shading Mode"},"sceneLighting":false,"audioPlay":false,"sceneViewState":{"showFog":true,"showMaterialUpdate":false,"showSkybox":true,"showFlares":true,"showImageEffects":true,"showParticleSystems":true},"in2DMode":false,"pivot":{"x":0.0,"y":-2.452009439468384,"z":0.9999999403953552},"rotation":{"x":0.11323555558919907,"y":-0.3290368318557739,"z":0.03977930173277855,"w":0.9366590976715088},"size":7.937163352966309,"orthographic":false}