{"cameraMode":{"drawMode":0,"name":"Shaded","section":"Shading Mode"},"sceneLighting":true,"audioPlay":false,"sceneViewState":{"showFog":true,"showMaterialUpdate":false,"showSkybox":true,"showFlares":true,"showImageEffects":true,"showParticleSystems":true},"in2DMode":false,"pivot":{"x":-4.772009372711182,"y":0.15787720680236817,"z":17.272693634033204},"rotation":{"x":0.05994308367371559,"y":-0.026347698643803598,"z":0.0015827006427571178,"w":0.9978527426719666},"size":9.958093643188477,"orthographic":true}