{"cameraMode":{"drawMode":0,"name":"Shaded","section":"Shading Mode"},"sceneLighting":true,"audioPlay":false,"sceneViewState":{"showFog":true,"showMaterialUpdate":false,"showSkybox":true,"showFlares":true,"showImageEffects":true,"showParticleSystems":true},"in2DMode":false,"pivot":{"x":-0.8222312927246094,"y":-0.11746375262737274,"z":1.915806531906128},"rotation":{"x":-0.1401669979095459,"y":0.8542319536209106,"z":-0.2971940040588379,"w":-0.4028855860233307},"size":6.042426109313965,"orthographic":false}