{"cameraMode":{"drawMode":0,"name":"Shaded","section":"Shading Mode"},"sceneLighting":false,"audioPlay":false,"sceneViewState":{"showFog":true,"showMaterialUpdate":false,"showSkybox":true,"showFlares":true,"showImageEffects":true,"showParticleSystems":true},"in2DMode":false,"pivot":{"x":0.11998799443244934,"y":0.09110577404499054,"z":0.0},"rotation":{"x":-0.04466782510280609,"y":0.019158946350216867,"z":0.0008546605240553618,"w":0.9988178610801697},"size":0.5205567479133606,"orthographic":false}